{"mass":0.78,"centerOfMass":[0.102,-0.003,0.037],"transformation":[1,0,0,0,0,1,0,0,0,0,1,0,0.13,0,0.035,1],"inertia":[0.00061,0.00008,-0.00026,0.00008,0.00279,0.00003,-0.00026,0.00003,0.00297],"collisionModel":{"pointA":[0,0.005,0,0,0,0,0,0,0],"pointB":[0,-0.005,0,0,0,0,0,0,0],"radius":[0.005,0,0]}}